threshold,fold,C,l1_ratio,class_weight,clipped_values,recall,precision,f1,roc_auc,accuracy
0.05,1,0.1,0.5,balanced,1872,1.0,0.0781758957654723,0.14501510574018128,0.6970455437769925,0.0781758957654723
0.05,2,0.1,0.5,balanced,1859,1.0,0.07934782608695652,0.1470292044310171,0.7080317911605065,0.08034744842562432
0.05,3,0.1,0.5,balanced,1883,1.0,0.07934782608695652,0.1470292044310171,0.6557411475833549,0.08034744842562432
0.05,4,0.1,0.5,balanced,1912,1.0,0.0784313725490196,0.14545454545454545,0.6335331498951782,0.08043478260869565
0.05,5,0.1,0.5,balanced,1895,1.0,0.07834602829162132,0.14530776992936428,0.6969503406708595,0.07934782608695652
0.1,1,0.1,0.5,balanced,1872,1.0,0.07947019867549669,0.147239263803681,0.6970455437769925,0.09446254071661238
0.1,2,0.1,0.5,balanced,1859,0.9863013698630136,0.07894736842105263,0.14619289340101524,0.7080317911605065,0.08686210640608034
0.1,3,0.1,0.5,balanced,1883,1.0,0.08039647577092511,0.1488277268093782,0.6557411475833549,0.09337676438653637
0.1,4,0.1,0.5,balanced,1912,1.0,0.08071748878923767,0.14937759336099585,0.6335331498951782,0.10869565217391304
0.1,5,0.1,0.5,balanced,1895,1.0,0.07920792079207921,0.14678899082568808,0.6969503406708595,0.09021739130434783
0.15,1,0.1,0.5,balanced,1872,1.0,0.08228571428571428,0.15205913410770855,0.6970455437769925,0.1281216069489685
0.15,2,0.1,0.5,balanced,1859,0.9863013698630136,0.08275862068965517,0.15270413573700956,0.7080317911605065,0.13246471226927253
0.15,3,0.1,0.5,balanced,1883,1.0,0.08276643990929705,0.15287958115183245,0.6557411475833549,0.12160694896851248
0.15,4,0.1,0.5,balanced,1912,0.9722222222222222,0.08120649651972157,0.14989293361884368,0.6335331498951782,0.13695652173913042
0.15,5,0.1,0.5,balanced,1895,1.0,0.08200455580865604,0.15157894736842106,0.6969503406708595,0.12391304347826088
0.2,1,0.1,0.5,balanced,1872,1.0,0.0876979293544458,0.1612541993281075,0.6970455437769925,0.18675352877307275
0.2,2,0.1,0.5,balanced,1859,0.9863013698630136,0.08780487804878048,0.1612541993281075,0.7080317911605065,0.18675352877307275
0.2,3,0.1,0.5,balanced,1883,0.9726027397260274,0.08574879227053141,0.15760266370699222,0.6557411475833549,0.1758957654723127
0.2,4,0.1,0.5,balanced,1912,0.9722222222222222,0.08547008547008547,0.15712682379349047,0.6335331498951782,0.18369565217391304
0.2,5,0.1,0.5,balanced,1895,1.0,0.08674698795180723,0.15964523281596452,0.6969503406708595,0.17608695652173914
0.25,1,0.1,0.5,balanced,1872,0.9722222222222222,0.09408602150537634,0.1715686274509804,0.6970455437769925,0.26601520086862107
0.25,2,0.1,0.5,balanced,1859,0.9726027397260274,0.09479305740987984,0.17274939172749393,0.7080317911605065,0.26167209554831705
0.25,3,0.1,0.5,balanced,1883,0.9452054794520548,0.09078947368421053,0.16566626650660263,0.6557411475833549,0.24538545059717698
0.25,4,0.1,0.5,balanced,1912,0.9583333333333334,0.09031413612565445,0.16507177033492823,0.6335331498951782,0.24130434782608695
0.25,5,0.1,0.5,balanced,1895,1.0,0.09411764705882353,0.17204301075268819,0.6969503406708595,0.2467391304347826
0.3,1,0.1,0.5,balanced,1872,0.9444444444444444,0.10134128166915052,0.18304172274562583,0.6970455437769925,0.34093376764386535
0.3,2,0.1,0.5,balanced,1859,0.9178082191780822,0.09970238095238096,0.17986577181208055,0.7080317911605065,0.33659066232356133
0.3,3,0.1,0.5,balanced,1883,0.9041095890410958,0.09720176730486009,0.17553191489361702,0.6557411475833549,0.3268186753528773
0.3,4,0.1,0.5,balanced,1912,0.8472222222222222,0.09037037037037036,0.16331994645247658,0.6335331498951782,0.32065217391304346
0.3,5,0.1,0.5,balanced,1895,0.9166666666666666,0.0944206008583691,0.17120622568093385,0.6969503406708595,0.30543478260869567
0.35,1,0.1,0.5,balanced,1872,0.9305555555555556,0.1135593220338983,0.20241691842900303,0.6970455437769925,0.42671009771986973
0.35,2,0.1,0.5,balanced,1859,0.9178082191780822,0.11185308848080133,0.19940476190476192,0.7080317911605065,0.4158523344191097
0.35,3,0.1,0.5,balanced,1883,0.8904109589041096,0.1079734219269103,0.1925925925925926,0.6557411475833549,0.40825190010857765
0.35,4,0.1,0.5,balanced,1912,0.8333333333333334,0.09933774834437085,0.17751479289940827,0.6335331498951782,0.39565217391304347
0.35,5,0.1,0.5,balanced,1895,0.8194444444444444,0.09672131147540984,0.17302052785923755,0.6969503406708595,0.3869565217391304
0.4,1,0.1,0.5,balanced,1872,0.8472222222222222,0.12079207920792079,0.21143847487001732,0.6970455437769925,0.505971769815418
0.4,2,0.1,0.5,balanced,1859,0.8904109589041096,0.12548262548262548,0.21996615905245348,0.7080317911605065,0.499457111834962
0.4,3,0.1,0.5,balanced,1883,0.8082191780821918,0.11302681992337164,0.19831932773109243,0.6557411475833549,0.4820846905537459
0.4,4,0.1,0.5,balanced,1912,0.7916666666666666,0.10614525139664804,0.18719211822660098,0.6335331498951782,0.46195652173913043
0.4,5,0.1,0.5,balanced,1895,0.7777777777777778,0.1076923076923077,0.1891891891891892,0.6969503406708595,0.4782608695652174
0.45,1,0.1,0.5,balanced,1872,0.6944444444444444,0.11682242990654206,0.2,0.6970455437769925,0.5656894679695983
0.45,2,0.1,0.5,balanced,1859,0.7671232876712328,0.12933025404157045,0.22134387351778656,0.7080317911605065,0.5722041259500543
0.45,3,0.1,0.5,balanced,1883,0.7534246575342466,0.12614678899082568,0.21611001964636542,0.6557411475833549,0.5667752442996743
0.45,4,0.1,0.5,balanced,1912,0.6805555555555556,0.10652173913043478,0.18421052631578946,0.6335331498951782,0.5282608695652173
0.45,5,0.1,0.5,balanced,1895,0.75,0.12189616252821671,0.20970873786407768,0.6969503406708595,0.5576086956521739
0.5,1,0.1,0.5,balanced,1872,0.6111111111111112,0.12535612535612536,0.20803782505910165,0.6970455437769925,0.6362649294245385
0.5,2,0.1,0.5,balanced,1859,0.6575342465753424,0.13259668508287292,0.2206896551724138,0.7080317911605065,0.6319218241042345
0.5,3,0.1,0.5,balanced,1883,0.6301369863013698,0.12534059945504086,0.20909090909090908,0.6557411475833549,0.6221498371335505
0.5,4,0.1,0.5,balanced,1912,0.5833333333333334,0.11140583554376658,0.1870824053452116,0.6335331498951782,0.6032608695652174
0.5,5,0.1,0.5,balanced,1895,0.6944444444444444,0.1440922190201729,0.2386634844868735,0.6969503406708595,0.6532608695652173
0.55,1,0.1,0.5,balanced,1872,0.5138888888888888,0.13357400722021662,0.21203438395415472,0.6970455437769925,0.7014115092290988
0.55,2,0.1,0.5,balanced,1859,0.5205479452054794,0.1412639405204461,0.2222222222222222,0.7080317911605065,0.7111834961997828
0.55,3,0.1,0.5,balanced,1883,0.4520547945205479,0.11785714285714285,0.18696883852691218,0.6557411475833549,0.6883821932681867
0.55,4,0.1,0.5,balanced,1912,0.4583333333333333,0.10819672131147541,0.17506631299734748,0.6335331498951782,0.6619565217391304
0.55,5,0.1,0.5,balanced,1895,0.5694444444444444,0.1453900709219858,0.23163841807909605,0.6969503406708595,0.7043478260869566
0.6,1,0.1,0.5,balanced,1872,0.4027777777777778,0.14356435643564355,0.2116788321167883,0.6970455437769925,0.7654723127035831
0.6,2,0.1,0.5,balanced,1859,0.4246575342465753,0.14418604651162792,0.2152777777777778,0.7080317911605065,0.754614549402823
0.6,3,0.1,0.5,balanced,1883,0.3287671232876712,0.11594202898550725,0.17142857142857143,0.6557411475833549,0.748099891422367
0.6,4,0.1,0.5,balanced,1912,0.3611111111111111,0.11403508771929824,0.17333333333333334,0.6335331498951782,0.7304347826086957
0.6,5,0.1,0.5,balanced,1895,0.4305555555555556,0.15816326530612246,0.23134328358208955,0.6969503406708595,0.7760869565217391
0.65,1,0.1,0.5,balanced,1872,0.2916666666666667,0.15671641791044777,0.20388349514563106,0.6970455437769925,0.8219326818675353
0.65,2,0.1,0.5,balanced,1859,0.3013698630136986,0.15492957746478872,0.20465116279069767,0.7080317911605065,0.8143322475570033
0.65,3,0.1,0.5,balanced,1883,0.2191780821917808,0.11594202898550725,0.15165876777251186,0.6557411475833549,0.8056460369163952
0.65,4,0.1,0.5,balanced,1912,0.2361111111111111,0.1111111111111111,0.1511111111111111,0.6335331498951782,0.7923913043478261
0.65,5,0.1,0.5,balanced,1895,0.2777777777777778,0.16129032258064516,0.20408163265306123,0.6969503406708595,0.8304347826086956
0.7,1,0.1,0.5,balanced,1872,0.18055555555555555,0.17333333333333334,0.17687074829931973,0.6970455437769925,0.8686210640608035
0.7,2,0.1,0.5,balanced,1859,0.2054794520547945,0.19480519480519481,0.2,0.7080317911605065,0.8697068403908795
0.7,3,0.1,0.5,balanced,1883,0.1232876712328767,0.125,0.12413793103448276,0.6557411475833549,0.8621064060803475
0.7,4,0.1,0.5,balanced,1912,0.20833333333333334,0.16666666666666666,0.18518518518518517,0.6335331498951782,0.8565217391304348
0.7,5,0.1,0.5,balanced,1895,0.18055555555555555,0.16883116883116883,0.174496644295302,0.6969503406708595,0.866304347826087
0.75,1,0.1,0.5,balanced,1872,0.08333333333333333,0.15,0.10714285714285714,0.6970455437769925,0.8914223669923995
0.75,2,0.1,0.5,balanced,1859,0.0958904109589041,0.25,0.13861386138613863,0.7080317911605065,0.9055374592833876
0.75,3,0.1,0.5,balanced,1883,0.0684931506849315,0.15151515151515152,0.09433962264150944,0.6557411475833549,0.8957654723127035
0.75,4,0.1,0.5,balanced,1912,0.1527777777777778,0.21153846153846154,0.1774193548387097,0.6335331498951782,0.8891304347826087
0.75,5,0.1,0.5,balanced,1895,0.16666666666666666,0.2926829268292683,0.21238938053097345,0.6969503406708595,0.9032608695652173
0.8,1,0.1,0.5,balanced,1872,0.05555555555555555,0.2222222222222222,0.08888888888888889,0.6970455437769925,0.9109663409337676
0.8,2,0.1,0.5,balanced,1859,0.0410958904109589,0.3,0.07228915662650602,0.7080317911605065,0.9163952225841476
0.8,3,0.1,0.5,balanced,1883,0.0136986301369863,0.08333333333333333,0.023529411764705882,0.6557411475833549,0.9098805646036916
0.8,4,0.1,0.5,balanced,1912,0.041666666666666664,0.15,0.06521739130434782,0.6335331498951782,0.9065217391304348
0.8,5,0.1,0.5,balanced,1895,0.027777777777777776,0.2222222222222222,0.04938271604938271,0.6969503406708595,0.9163043478260869
0.85,1,0.1,0.5,balanced,1872,0.013888888888888888,0.16666666666666666,0.02564102564102564,0.6970455437769925,0.9174809989142236
0.85,2,0.1,0.5,balanced,1859,0.0136986301369863,0.5,0.02666666666666667,0.7080317911605065,0.9207383279044516
0.85,3,0.1,0.5,balanced,1883,0.0136986301369863,0.25,0.025974025974025976,0.6557411475833549,0.9185667752442996
0.85,4,0.1,0.5,balanced,1912,0.013888888888888888,0.25,0.02631578947368421,0.6335331498951782,0.9195652173913044
0.85,5,0.1,0.5,balanced,1895,0.013888888888888888,0.3333333333333333,0.02666666666666667,0.6969503406708595,0.9206521739130434
0.9,1,0.1,0.5,balanced,1872,0.0,0.0,0.0,0.6970455437769925,0.9218241042345277
0.9,2,0.1,0.5,balanced,1859,0.0,0.0,0.0,0.7080317911605065,0.9207383279044516
0.9,3,0.1,0.5,balanced,1883,0.0,0.0,0.0,0.6557411475833549,0.9207383279044516
0.9,4,0.1,0.5,balanced,1912,0.0,0.0,0.0,0.6335331498951782,0.9217391304347826
0.9,5,0.1,0.5,balanced,1895,0.0,0.0,0.0,0.6969503406708595,0.9217391304347826
0.95,1,0.1,0.5,balanced,1872,0.0,0.0,0.0,0.6970455437769925,0.9218241042345277
0.95,2,0.1,0.5,balanced,1859,0.0,0.0,0.0,0.7080317911605065,0.9207383279044516
0.95,3,0.1,0.5,balanced,1883,0.0,0.0,0.0,0.6557411475833549,0.9207383279044516
0.95,4,0.1,0.5,balanced,1912,0.0,0.0,0.0,0.6335331498951782,0.9217391304347826
0.95,5,0.1,0.5,balanced,1895,0.0,0.0,0.0,0.6969503406708595,0.9217391304347826
